<?xml version="1.0" encoding="UTF-8" standalone="no"?>
<TasselPipeline>
    <fork1>
        <h>/home/kanghouxiang105/program_run/supin/new_GWAS_pipeline/tomi_2021-9_new_PS_kinship/RDP2_all_data_XG-1-108_del.txt</h>
        <filterAlign>
            <filterAlignMinFreq>0.05</filterAlignMinFreq>
        </filterAlign>
    </fork1>
    <fork2>
        <r>/home/kanghouxiang105/program_run/supin/new_GWAS_pipeline/new_species_2021-9_reanalysis/JZ_1863.txt</r>
    </fork2>
    <fork3>
        <r>/home/kanghouxiang105/program_run/supin/new_GWAS_pipeline/tomi_2021-9_new_PS_kinship/su_population-structure_final.txt</r>
        <excludeLastTrait/>
    </fork3>
    <fork4>
        <k>/home/kanghouxiang105/program_run/supin/new_GWAS_pipeline/tomi_2021-9_new_PS_kinship/su_108_RDP2_kinship.txt</k>
    </fork4>
    <combine5>
        <input1/>
        <input2/>
        <input3/>
        <intersect/>
    </combine5>
    <combine6>
        <input5/>
        <input4/>
        <mlm>
            <mlmVarCompEst>P3D</mlmVarCompEst>
            <mlmCompressionLevel>Optimum</mlmCompressionLevel>
        </mlm>
        <export>mlm_output_tutorialEETTChr1</export>
    </combine6>
    <runfork1/>
    <runfork2/>
    <runfork3/>
    <runfork4/>
</TasselPipeline>
